Дата,"AD (A-прилет, D-вылет)",Терминал,Код а/к,Номер рейса,Плановое время,Код а/п,Аэропорт,Тип ВС,Номер места стоянки,Номер гейта,Количество пассажиров
24.08.2019,A,D,AF,1144,0:05,SVO,Париж,321,40,DGA_D,122
24.08.2019,A,D,SU,2469,0:10,SVO,Будапешт,320,21,DGA_D,107
24.08.2019,A,D,SU,2097,0:10,SVO,Белград,73H,31,DGA_D,143
24.08.2019,A,D,SU,2047,0:25,SVO,Сплит,32B,23,DGA_D,183
24.08.2019,D,D,SU,1948,0:10,AKX,Актобе,320,54,DGA_I,92
24.08.2019,D,D,N4,477,0:45,EVN,Ереван,73H,51,DGA_I,170
24.08.2019,D,D,SU,1942,0:55,ALA,Алматы,32A,37,DGA_I,144
24.08.2019,A,D,BT,426,1:00,SVO,Рига,CS3,36,DGA_D,139
24.08.2019,A,D,KL,907,1:30,SVO,Амстердам,73H,37,DGA_D,148
24.08.2019,A,D,AF,1844,1:35,SVO,Париж,319,41,DGA_D,67
24.08.2019,A,D,AY,719,1:35,SVO,Хельсинки,E90,26,DGA_D,97
24.08.2019,D,D,SU,500,1:35,TLV,Тель-Авив,31U,27,DGA_I,175
24.08.2019,D,D,N4,1611,1:25,HER,Ираклион,772,46,DGA_I,432
24.08.2019,A,D,SU,2383,2:10,SVO,Женева,32B,25,DGA_D,109
24.08.2019,D,D,SU,1864,2:05,EVN,Ереван,73H,35,DGA_I,109
24.08.2019,D,D,N4,1835,2:10,DLM,Даламан,772,59,DGA_I,355
24.08.2019,A,D,SU,2393,2:50,SVO,Цюрих,32A,22,DGA_D,122
24.08.2019,A,D,OK,898,3:05,SVO,Прага,73H,51,DGA_D,188
24.08.2019,D,D,N4,643,2:30,LCA,Ларнака,321,47,DGA_I,210
24.08.2019,D,D,N4,1801,2:45,AYT,Анталья,77W,50,DGA_I,480
24.08.2019,A,D,AZ.,542,3:05,SVO,Катания,321,34,DGA_D,120
24.08.2019,A,D,JU,656,3:25,SVO,Белград,319,38,DGA_D,141
24.08.2019,A,D,KM,560,3:20,SVO,Мальта,320,39,DGA_D,155
24.08.2019,D,D,RL,7543,3:05,DLM,Даламан,75W,60,DGA_I,227
24.08.2019,D,D,ZF,9009,2:50,AYT,Анталья,77W,52,DGA_I,542
24.08.2019,A,D,AZ.,596,3:45,SVO,Рим,320,35,DGA_D,106
24.08.2019,A,D,SU,2193,4:25,SVO,Амстердам,32B,29,DGA_D,99
24.08.2019,A,D,SU,2113,4:20,SVO,Афины,31U,49,DGA_D,181
24.08.2019,A,D,SU,2475,4:15,SVO,Ницца,320,38,DGA_D,124
24.08.2019,D,D,RL,7701,3:30,AYT,Анталья,77W,48A,DGA_I,491
24.08.2019,D,D,RL,7743,3:50,BCN,Барселона,763,56,DGA_I,332
24.08.2019,A,D,SU,505,4:40,SVO,Тель-Авив,77W,23,DGA_D,290
24.08.2019,D,D,JU,657,4:10,BEG,Белград,319,38,DGA_I,110
24.08.2019,A,D,SU,253,5:15,SVO,Сеул,333,27A,DGA_D,287
24.08.2019,A,D,SU,2415,5:00,SVO,Милан,32B,24,DGA_D,158
24.08.2019,A,D,SU,2591,4:55,SVO,Дублин,320,21,DGA_D,119
24.08.2019,D,D,AZ.,543,4:05,CTA,Катания,321,34,DGA_I,144
24.08.2019,D,D,KM,561,4:20,MLA,Мальта,320,39,DGA_I,107
24.08.2019,A,D,JD,475,5:30,SVO,Ханчжоу,332,56,DGA_D,244
24.08.2019,A,D,SU,2377,4:45,SVO,Лион,320,30,DGA_D,29
24.08.2019,A,D,SU,2145,5:25,SVO,Анталья,321,46,DGA_D,155
24.08.2019,D,D,BT,427,4:50,RIX,Рига,CS3,36,DGA_I,137
24.08.2019,D,D,AZ.,595,5:00,FCO,Рим,320,35,DGA_I,154
24.08.2019,A,D,SU,235,5:25,SVO,Дели,333,31,DGA_D,302
24.08.2019,D,D,AY,720,5:00,HEL,Хельсинки,E90,26,DGA_I,98
24.08.2019,A,D,SU,2071,5:40,SVO,Ларнака,320,35,DGA_D,141
24.08.2019,A,D,SU,101,6:25,SVO,Нью-Йорк,77W,26,DGA_D,282
24.08.2019,D,D,RL,7713,5:05,ADB,Измир,75W,58,DGA_I,226
24.08.2019,A,D,SU,201,5:55,SVO,Пекин,333,59,DGA_D,297
24.08.2019,D,D,SU,2570,5:40,LHR,Лондон,320,19,DGA_I,88
24.08.2019,A,D,SU,2529,5:50,SVO,Малага,73H,39,DGA_D,156
24.08.2019,A,D,SU,1845,6:10,SVO,Кишинёв,32A,29,DGA_D,161
24.08.2019,D,D,KL,900,5:40,AMS,Амстердам,73H,37,DGA_I,180
24.08.2019,A,D,SU,513,5:55,SVO,Тегеран,32B,58,DGA_D,168
24.08.2019,A,D,8L,881,4:25,SVO,Куньмин,333,50,DGA_D,292
24.08.2019,A,D,SU,2109,6:35,SVO,Вильнюс,320,41,DGA_D,56
24.08.2019,D,D,AF,1845,6:10,CDG,Париж,319,41,DGA_I,122
24.08.2019,A,D,SU,525,6:50,SVO,Дубай,73H,37,DGA_D,144
24.08.2019,D,D,SU,1858,6:30,EVN,Ереван,32A,33,DGA_I,141
24.08.2019,A,D,SU,1937,6:55,SVO,Караганда,31U,60,DGA_D,170
24.08.2019,A,D,VN,63,6:45,SVO,Ханой,789,23,DGA_D,304
24.08.2019,A,D,SU,1871,7:05,SVO,Ташкент,333,27A,DGA_D,302
24.08.2019,D,D,SU,2500,6:40,MAD,Мадрид,31U,49,DGA_I,165
24.08.2019,D,D,SU,2416,6:50,MXP,Милан,320,30,DGA_I,123
24.08.2019,D,D,SU,2052,6:55,TIV,Тиват,32B,24,DGA_I,164
24.08.2019,D,D,SU,2320,6:50,MUC,Мюнхен,73H,5,DGA_I,146
24.08.2019,D,D,SU,2032,7:05,BUD,Будапешт,32A,57,DGA_I,142
24.08.2019,D,D,SU,506,6:55,TLV,Тель-Авив,333,27A,DGA_I,286
24.08.2019,A,D,SU,1947,7:35,SVO,Алматы,31U,57,DGA_D,185
24.08.2019,D,D,OK,899,7:10,PRG,Прага,73H,51,DGA_I,170
24.08.2019,D,D,SU,2638,7:20,BCN,Барселона,32B,25,DGA_I,180
24.08.2019,D,D,SU,150,7:10,HAV,Гавана,332,65A,DGA_I,165
24.08.2019,D,D,SU,2580,7:05,LHR,Лондон,320,38,DGA_I,134
24.08.2019,D,D,SU,2684,7:15,SXF,Берлин,73H,80,DGA_I,132
24.08.2019,A,D,N4,478,7:50,SVO,Ереван,73H,58,DGA_D,176
24.08.2019,A,D,SU,1957,8:05,SVO,Нур-Султан,32B,53,DGA_D,176
24.08.2019,D,D,SU,1880,7:40,FRU,Бишкек,32A,22,DGA_I,128
24.08.2019,D,D,SU,2482,7:35,VRN,Верона,320,21,DGA_I,134
24.08.2019,D,D,SU,2010,7:30,PRG,Прага,73H,48,DGA_I,128
24.08.2019,D,D,SU,2452,7:35,CDG,Париж,32B,58,DGA_I,171
24.08.2019,D,D,SU,2536,7:35,DUS,Дюссельдорф,32B,79,DGA_I,167
24.08.2019,A,D,FB,643,7:50,SVO,Бургас,320,50,DGA_D,180
24.08.2019,D,D,SU,1940,7:45,ALA,Алматы,73H,53,DGA_I,146
24.08.2019,D,D,SU,2006,7:45,WAW,Варшава,320,32,DGA_I,101
24.08.2019,D,D,SU,2424,7:50,BLQ,Болонья,320,84,DGA_I,132
24.08.2019,D,D,SU,2130,7:50,IST,Стамбул,73H,39,DGA_I,121
24.08.2019,D,D,SU,2480,8:00,NAP,Неаполь,73H,19,DGA_I,142
24.08.2019,D,D,8L,882,6:15,KMG,Куньмин,333,50,DGA_I,290
24.08.2019,A,D,SU,331,8:40,SVO,Улан-Батор,332,31,DGA_D,228
24.08.2019,D,D,SU,2306,7:55,FRA,Франкфурт,32B,4D,DGA_I,171
24.08.2019,D,D,SU,2110,8:05,ATH,Афины,32B,55,DGA_I,159
24.08.2019,D,D,SU,252,8:00,ICN,Сеул,333,31,DGA_I,260
24.08.2019,D,D,SU,1872,8:10,TAS,Ташкент,73H,43A,DGA_I,152
24.08.2019,D,D,SU,2060,8:15,SOF,София,32A,35,DGA_I,111
24.08.2019,D,D,SU,520,8:15,DXB,Дубай,73H,34,DGA_I,152
24.08.2019,D,D,RL,7571,7:20,PUJ,Пунта Кана,77W,52,DGA_I,492
24.08.2019,D,D,SU,2410,8:25,MXP,Милан,320,11,DGA_I,131
24.08.2019,A,D,KC,893,8:50,SVO,Нур-Султан,E90,41,DGA_D,93
24.08.2019,D,D,SU,2168,8:15,BRU,Брюссель,73H,47,DGA_I,146
24.08.2019,D,D,SU,2202,8:30,HEL,Хельсинки,32A,33,DGA_I,142
24.08.2019,A,D,SU,203,8:55,SVO,Пекин,333,23,DGA_D,279
24.08.2019,D,D,SU,2378,8:35,MRS,Марсель,321,20,DGA_I,112
24.08.2019,D,D,SU,2402,8:35,FCO,Рим,320,41,DGA_I,123
24.08.2019,D,D,SU,2602,8:35,MAD,Мадрид,32B,3,DGA_I,163
24.08.2019,D,D,SU,2106,8:45,TLL,Таллин,73H,64B,DGA_I,108
24.08.2019,D,D,SU,1830,8:35,MSQ,Минск,SU9,77,DGA_I,76
24.08.2019,D,D,SU,2576,8:50,LHR,Лондон,320,83,DGA_I,103
24.08.2019,D,D,SU,2104,8:30,VNO,Вильнюс,321,38,DGA_I,127
24.08.2019,D,D,SU,2374,8:45,LYS,Лион,320,30,DGA_I,126
24.08.2019,D,D,AF,1145,8:45,CDG,Париж,321,40,DGA_I,199
24.08.2019,A,D,BT,424,9:00,SVO,Рига,CS3,40,DGA_D,143
24.08.2019,D,D,JD,476,8:55,HGH,Ханчжоу,332,56,DGA_I,246
24.08.2019,D,D,FB,644,8:45,BOJ,Бургас,320,50,DGA_I,125
24.08.2019,A,D,AY,711,9:15,SVO,Хельсинки,E90,30,DGA_D,67
24.08.2019,D,D,SU,2380,8:55,GVA,Женева,321,54,DGA_I,162
24.08.2019,D,D,SU,2502,9:00,VLC,Валенсия,73H,49,DGA_I,139
24.08.2019,A,D,N4,520,8:30,SVO,Ольгин,77W,52,DGA_D,486
24.08.2019,D,D,SU,2184,9:05,VIE,Вена,32B,44,DGA_I,163
24.08.2019,A,D,SU,1865,9:40,SVO,Ереван,73H,24,DGA_D,153
24.08.2019,D,D,SU,2550,9:10,AMS,Амстердам,333,59,DGA_I,263
24.08.2019,D,D,SU,502,8:50,TLV,Тель-Авив,77W,26,DGA_I,394
24.08.2019,D,D,SU,2034,9:20,OTP,Бухарест,SU9,71,DGA_I,60
24.08.2019,A,D,SU,151,9:00,SVO,Гавана,332,21A,DGA_D,233
24.08.2019,D,D,SU,2596,9:15,VCE,Венеция,320,32,DGA_I,136
24.08.2019,D,D,SU,2682,9:15,RIX,Рига,320,74,DGA_I,120
24.08.2019,D,D,SU,2322,9:25,MUC,Мюнхен,320,6,DGA_I,130
24.08.2019,D,D,SU,2312,9:20,SXF,Берлин,32A,29,DGA_I,145
24.08.2019,D,D,SU,2142,9:35,AYT,Анталья,32B,36,DGA_I,171
24.08.2019,D,D,FV,6139,9:25,NCE,Ницца,73H,24,DGA_I,146
24.08.2019,D,D,SU,2648,9:35,BCN,Барселона,32B,25,DGA_I,175
24.08.2019,D,D,SU,1860,9:45,EVN,Ереван,32A,13,DGA_I,142
24.08.2019,D,D,SU,104,9:35,IAD,Вашингтон,333,21A,DGA_I,276
24.08.2019,D,D,SU,100,9:20,JFK,Нью-Йорк,77W,9A,DGA_I,379
24.08.2019,D,D,SU,2610,9:40,LJU,Любляна,320,70,DGA_I,118
24.08.2019,D,D,SU,2054,9:55,TIV,Тиват,73H,10,DGA_I,141
24.08.2019,D,D,SU,206,9:30,PVG,Шанхай,77W,73,DGA_I,377
24.08.2019,D,D,SU,2578,9:50,LHR,Лондон,333,27A,DGA_I,269
24.08.2019,D,D,KC,894,9:50,TSE,Нур-Султан,E90,41,DGA_I,77
24.08.2019,D,D,SU,2390,9:50,ZRH,Цюрих,32B,51,DGA_I,164
24.08.2019,D,D,SU,2136,10:00,IST,Стамбул,32A,33,DGA_I,95
24.08.2019,D,D,SU,2040,10:05,ZAG,Загреб,73H,47,DGA_I,100
24.08.2019,D,D,SU,1854,9:55,GYD,Баку,73H,48,DGA_I,155
24.08.2019,D,D,SU,2470,10:05,NCE,Ницца,321,46,DGA_I,143
24.08.2019,A,D,SU,2437,10:30,SVO,Дюссельдорф,32A,27,DGA_D,151
24.08.2019,D,D,SU,2030,10:10,BUD,Будапешт,32A,55,DGA_I,152
24.08.2019,D,D,N4,701,10:10,JED,Джидда,73H,58,DGA_I,11
24.08.2019,D,D,SU,2454,10:05,CDG,Париж,32B,42,DGA_I,176
24.08.2019,D,D,SU,2090,10:15,BEG,Белград,320,79,DGA_I,115
24.08.2019,D,D,BT,425,9:45,RIX,Рига,CS3,40,DGA_I,125
24.08.2019,D,D,SU,2012,10:10,PRG,Прага,32B,53,DGA_I,153
24.08.2019,D,D,SU,2620,10:00,AGP,Малага,73H,37,DGA_I,128
24.08.2019,D,D,SU,2174,10:20,OSL,Осло,32A,35,DGA_I,144
24.08.2019,D,D,AY,712,10:00,HEL,Хельсинки,E90,30,DGA_I,100
24.08.2019,D,D,SU,2418,10:20,FCO,Рим,73H,12,DGA_I,136
24.08.2019,D,D,SU,2072,9:55,LCA,Ларнака,32B,39,DGA_I,166
24.08.2019,D,D,SU,2658,10:20,CPH,Копенгаген,73H,34,DGA_I,116
24.08.2019,A,D,SU,103,11:45,SVO,Нью-Йорк,77W,19A,DGA_D,348
24.08.2019,D,D,SU,2210,10:25,ARN,Стокгольм,73H,20,DGA_I,121
24.08.2019,A,D,N4,1612,10:45,SVO,Ираклион,772,50,DGA_D,443
24.08.2019,D,D,B2,976,10:35,MSQ,Минск,E95,28,DGA_I,94
24.08.2019,D,D,SU,2300,10:15,FRA,Франкфурт,320,19,DGA_I,131
24.08.2019,D,D,SU,2346,10:35,HAM,Гамбург,320,184,DGA_I,128
24.08.2019,D,D,SU,2206,10:40,HEL,Хельсинки,SU9,75,DGA_I,69
24.08.2019,D,D,SU,2126,10:50,HER,Ираклион,31U,60,DGA_I,169
24.08.2019,D,D,SU,2336,10:55,STR,Штутгарт,320,68,DGA_I,129
24.08.2019,D,D,SU,2342,10:45,HAJ,Ганновер,32A,2,DGA_I,154
24.08.2019,D,D,SU,2522,11:00,ALC,Аликанте,32B,25,DGA_I,166
24.08.2019,D,D,SU,2612,11:00,MXP,Милан,73H,24,DGA_I,153
24.08.2019,D,D,SU,110,11:00,MIA,Майами,332,31,DGA_I,168
24.08.2019,D,D,FV,6637,10:50,ORY,Париж,73H,29,DGA_I,191
24.08.2019,A,D,N4,1836,11:20,SVO,Даламан,772,59,DGA_D,442
24.08.2019,A,D,SU,111,12:15,SVO,Майами,332,29A,DGA_D,217
24.08.2019,D,D,SU,2344,11:25,DRS,Дрезден,SU9,38,DGA_I,62
24.08.2019,D,D,SU,2406,11:25,FCO,Рим,320,32,DGA_I,126
24.08.2019,A,D,SU,1943,11:10,SVO,Алматы,32A,47,DGA_D,155
24.08.2019,D,D,N4,203,11:10,FEG,Фергана,73H,54,DGA_I,179
24.08.2019,A,D,N4,1802,11:30,SVO,Анталья,77W,53A,DGA_D,489
24.08.2019,D,D,SU,2152,11:20,DUS,Дюссельдорф,32A,15,DGA_I,157
24.08.2019,A,D,N4,644,11:50,SVO,Ларнака,321,46,DGA_D,218
24.08.2019,A,D,SU,501,12:00,SVO,Тель-Авив,31U,28,DGA_D,100
24.08.2019,A,D,RL,7544,11:15,SVO,Даламан,75W,58,DGA_D,225
24.08.2019,D,D,EO,277,10:30,EVN,Ереван,E90,45,DGA_I,101
24.08.2019,D,D,RL,7703,10:35,AYT,Анталья,77W,93,DGA_I,498
24.08.2019,D,D,SU,2318,11:20,SXF,Берлин,32A,131,DGA_I,143
24.08.2019,D,D,SU,2462,11:45,CDG,Париж,31U,57,DGA_I,171
24.08.2019,D,D,SU,2100,11:50,RIX,Рига,SU9,16,DGA_I,74
24.08.2019,D,D,SU,2356,12:00,VIE,Вена,73H,7,DGA_I,133
24.08.2019,D,D,N4,1805,11:50,AYT,Анталья,77W,52,DGA_I,404
24.08.2019,D,D,SU,2518,12:05,PMI,Пальма-де-Майорка,32A,27,DGA_I,135
24.08.2019,D,D,EO,453,12:10,CAN,Гуанчжоу,763,56,DGA_I,329
24.08.2019,D,D,SU,2514,12:10,BCN,Барселона,32B,33,DGA_I,181
24.08.2019,D,D,SU,200,12:15,PEK,Пекин,333,23,DGA_I,274
24.08.2019,D,D,SU,106,12:00,LAX,Лос-Анджелес,77W,26,DGA_I,386
24.08.2019,A,D,KL,901,12:35,SVO,Амстердам,73W,37,DGA_D,126
24.08.2019,A,D,SU,1859,13:10,SVO,Ереван,32A,33,DGA_D,158
24.08.2019,A,D,RL,7702,11:40,SVO,Анталья,77W,48A,DGA_D,488
24.08.2019,D,D,SU,2548,12:30,TFS,Тенерифе,333,34A,DGA_I,213
24.08.2019,A,D,EO,496,12:55,SVO,Ланчжоу,763,60,DGA_D,275
24.08.2019,A,D,SU,2105,12:40,SVO,Вильнюс,321,39,DGA_D,152
24.08.2019,A,D,SU,2007,12:50,SVO,Варшава,320,32,DGA_D,129
24.08.2019,A,D,KC,275,13:05,SVO,Алматы,321,34,DGA_D,145
24.08.2019,D,D,SU,2116,12:55,ATH,Афины,320,51,DGA_I,117
24.08.2019,A,D,AY,715,12:50,SVO,Хельсинки,E90,27,DGA_D,98
24.08.2019,A,D,SU,2203,13:05,SVO,Хельсинки,32A,24,DGA_D,156
24.08.2019,D,D,AH,3001,12:05,ALG,Алжир,736,177,DGA_I,100
24.08.2019,D,D,SU,2018,13:00,PRG,Прага,320,25,DGA_I,122
24.08.2019,A,D,SU,2107,13:10,SVO,Таллин,73H,36,DGA_D,131
24.08.2019,A,D,SU,2033,13:25,SVO,Будапешт,32A,29,DGA_D,146
24.08.2019,A,D,SU,2685,13:30,SVO,Берлин,73H,25,DGA_D,153
24.08.2019,D,D,RL,7515,13:25,CFU,Керкира(Корфу),73H,55,DGA_I,179
24.08.2019,D,D,SU,508,13:20,TLV,Тель-Авив,320,31,DGA_I,141
24.08.2019,A,D,SU,2683,13:20,SVO,Рига,320,30,DGA_D,130
24.08.2019,A,D,SU,107,13:20,SVO,Лос-Анджелес,77W,23,DGA_D,358
24.08.2019,D,D,N4,1803,13:20,AYT,Анталья,77W,53A,DGA_I,489
24.08.2019,D,D,SU,1840,13:25,MSQ,Минск,SU9,40,DGA_I,83
24.08.2019,A,D,LO,675,13:45,SVO,Варшава,E95,38,DGA_D,104
24.08.2019,A,D,SU,2011,13:50,SVO,Прага,73H,37,DGA_D,144
24.08.2019,D,D,SU,2466,13:40,BUD,Будапешт,SU9,57,DGA_I,65
24.08.2019,D,D,RL,7525,13:40,GZP,Аланья,75W,58,DGA_I,224
24.08.2019,D,D,SU,2582,13:40,LHR,Лондон,73H,18,DGA_I,151
24.08.2019,D,D,KL,902,13:30,AMS,Амстердам,73W,37,DGA_I,136
24.08.2019,D,D,N4,1723,13:50,MIR,Монастир,772,50,DGA_I,444
24.08.2019,A,D,RL,7744,13:30,SVO,Барселона,763,50,DGA_D,319
24.08.2019,D,D,AY,716,13:35,HEL,Хельсинки,E90,27,DGA_I,98
24.08.2019,A,D,AF,1044,14:15,SVO,Париж,321,41,DGA_D,164
24.08.2019,D,D,KC,276,14:00,ALA,Алматы,321,34,DGA_I,120
24.08.2019,A,D,SU,2321,14:15,SVO,Мюнхен,73H,27,DGA_D,155
24.08.2019,D,D,SU,2360,13:55,NCE,Ницца,321,39,DGA_I,146
24.08.2019,D,D,SU,2132,14:05,IST,Стамбул,32A,47,DGA_I,72
24.08.2019,D,D,SU,2458,14:05,CDG,Париж,320,32,DGA_I,143
24.08.2019,A,D,SU,2053,14:45,SVO,Тиват,32B,29,DGA_D,188
24.08.2019,D,D,N4,7649,14:10,DJE,Джерба,772,59,DGA_I,438
24.08.2019,D,D,SU,102,14:15,JFK,Нью-Йорк,77W,19A,DGA_I,390
24.08.2019,A,D,SU,2571,14:40,SVO,Лондон,320,25,DGA_D,115
24.08.2019,D,D,SU,2074,14:15,LCA,Ларнака,73H,36,DGA_I,144
24.08.2019,D,D,SU,2154,14:25,DUS,Дюссельдорф,32A,29,DGA_I,158
24.08.2019,A,D,SU,205,14:45,SVO,Пекин,77W,26,DGA_D,381
24.08.2019,D,D,SU,2326,14:30,MUC,Мюнхен,32A,24,DGA_I,159
24.08.2019,D,D,SU,2122,14:30,HER,Ираклион,73H,25,DGA_I,150
24.08.2019,D,D,SU,2694,14:35,AMS,Амстердам,31U,28,DGA_I,183
24.08.2019,A,D,FB,651,15:00,SVO,Бургас,733,46,DGA_D,146
24.08.2019,D,D,RL,7545,14:45,GZP,Аланья,73H,52,DGA_I,157
24.08.2019,D,D,SU,2408,14:30,FCO,Рим,320,30,DGA_I,131
24.08.2019,A,D,BT,428,14:40,SVO,Рига,CS3,36,DGA_D,120
24.08.2019,D,D,RL,7505,14:05,NBE,Энфида,77W,48A,DGA_I,397
24.08.2019,A,D,FB,659,15:05,SVO,Бургас,320,47,DGA_D,183
24.08.2019,D,D,VN,62,14:40,HAN,Ханой,789,26,DGA_I,259
24.08.2019,A,D,SU,2537,14:55,SVO,Дюссельдорф,32B,24,DGA_D,172
24.08.2019,D,D,LO,676,14:35,WAW,Варшава,E95,38,DGA_I,89
24.08.2019,D,D,SU,2628,14:50,BRU,Брюссель,73H,37,DGA_I,143
24.08.2019,A,D,SU,2417,15:05,SVO,Милан,320,30,DGA_D,117
24.08.2019,D,D,SU,2014,14:55,PRG,Прага,73H,35,DGA_I,126
24.08.2019,D,D,SU,234,15:05,DEL,Дели,332,21A,DGA_I,175
24.08.2019,A,D,AZ.,548,15:15,SVO,Рим,320,34,DGA_D,142
24.08.2019,A,D,SU,2483,15:30,SVO,Верона,320,32,DGA_D,128
24.08.2019,A,D,FV,6266,16:15,SVO,Коломбо,773,21A,DGA_D,317
24.08.2019,D,D,SU,2314,15:25,SXF,Берлин,32A,33,DGA_I,143
24.08.2019,A,D,SU,2307,15:35,SVO,Франкфурт,32B,28,DGA_D,170
24.08.2019,D,D,AF,1045,15:15,CDG,Париж,321,41,DGA_I,206
24.08.2019,D,D,SU,2656,15:30,FRA,Франкфурт,73H,27,DGA_I,159
24.08.2019,D,D,SU,202,15:35,PEK,Пекин,333,31,DGA_I,284
24.08.2019,D,D,N4,377,14:20,EVN,Ереван,332,56,DGA_I,239
24.08.2019,A,D,SU,2425,15:45,SVO,Болонья,320,37,DGA_D,131
24.08.2019,A,D,SU,2607,16:10,SVO,Лиссабон,73H,27,DGA_D,152
24.08.2019,D,D,BT,429,15:25,RIX,Рига,CS3,36,DGA_I,96
24.08.2019,A,D,SU,291,16:35,SVO,Ханой,77W,19A,DGA_D,389
24.08.2019,D,D,FB,652,15:50,BOJ,Бургас,733,46,DGA_I,149
24.08.2019,A,D,AZ.,546,15:50,SVO,Милан,320,35,DGA_D,113
24.08.2019,D,D,SU,2586,15:55,MXP,Милан,320,25,DGA_I,129
24.08.2019,A,D,SU,2131,16:00,SVO,Стамбул,73H,57,DGA_D,160
24.08.2019,D,D,FB,660,16:00,BOJ,Бургас,320,47,DGA_I,52
24.08.2019,A,D,KL,903,16:05,SVO,Амстердам,73H,40,DGA_D,157
24.08.2019,D,D,SU,2156,15:55,BOJ,Бургас,32B,29,DGA_I,83
24.08.2019,A,D,SU,1861,16:45,SVO,Ереван,32A,25,DGA_D,157
24.08.2019,D,D,SU,2164,16:10,VNO,Вильнюс,SU9,5,DGA_I,55
24.08.2019,A,D,SU,275,16:45,SVO,Пхукет,333,50,DGA_D,296
24.08.2019,D,D,RL,7705,15:45,AYT,Анталья,763,59,DGA_I,330
24.08.2019,D,D,SU,1862,16:15,EVN,Ереван,32B,24,DGA_I,173
24.08.2019,A,D,OK,894,16:15,SVO,Прага,73H,51,DGA_D,184
24.08.2019,A,D,SU,251,16:30,SVO,Сеул,77W,23,DGA_D,381
24.08.2019,A,D,SU,507,16:50,SVO,Тель-Авив,333,31,DGA_D,195
24.08.2019,D,D,SU,2146,16:35,AYT,Анталья,320,32,DGA_I,83
24.08.2019,A,D,SU,2411,16:45,SVO,Милан,320,32,DGA_D,125
24.08.2019,D,D,SU,2348,16:05,HAM,Гамбург,320,30,DGA_I,121
24.08.2019,D,D,SU,2352,16:45,VIE,Вена,32A,39,DGA_I,155
24.08.2019,A,D,BA,235,16:50,SVO,Лондон,321,36,DGA_D,120
24.08.2019,D,D,SU,2048,16:45,SPU,Сплит,32B,28,DGA_I,161
24.08.2019,A,D,SU,2111,17:15,SVO,Афины,32B,55,DGA_D,181
24.08.2019,A,D,SU,321,17:15,SVO,Мале,333,46,DGA_D,286
24.08.2019,D,D,AZ.,549,16:40,FCO,Рим,320,34,DGA_I,159
24.08.2019,A,D,SU,2041,17:05,SVO,Загреб,73H,35,DGA_D,128
24.08.2019,D,D,SU,2024,17:00,PRG,Прага,32A,56,DGA_I,129
24.08.2019,A,D,KE,923,16:50,SVO,Сеул,789,29A,DGA_D,259
24.08.2019,A,D,SU,2347,17:15,SVO,Гамбург,320,24,DGA_D,133
24.08.2019,D,D,SU,1842,16:50,MSQ,Минск,SU9,54,DGA_I,70
24.08.2019,D,D,KL,904,17:00,AMS,Амстердам,73H,40,DGA_I,181
24.08.2019,A,D,CA,909,16:55,SVO,Пекин,333,53A,DGA_D,260
24.08.2019,D,D,AZ.,547,16:55,MXP,Милан,320,35,DGA_I,152
24.08.2019,D,D,SU,2096,17:20,BEG,Белград,73H,27,DGA_I,87
24.08.2019,A,D,SU,123,17:20,SVO,Нью-Йорк,333,21A,DGA_D,230
24.08.2019,D,D,OK,895,17:05,PRG,Прага,73H,51,DGA_I,165
24.08.2019,A,D,MU,591,17:25,SVO,Шанхай,333,56,DGA_D,277
24.08.2019,D,D,SU,2138,17:40,IST,Стамбул,73H,61,DGA_I,85
24.08.2019,A,D,SU,2551,17:45,SVO,Амстердам,333,50,DGA_D,212
24.08.2019,A,D,SU,1881,17:50,SVO,Бишкек,32A,28,DGA_D,157
24.08.2019,A,D,HU,7985,18:05,SVO,Пекин,333,37A,DGA_D,248
24.08.2019,A,D,AF,1744,17:45,SVO,Париж,321,40,DGA_D,173
24.08.2019,D,D,SU,2468,17:55,BUD,Будапешт,320,37,DGA_I,124
24.08.2019,A,D,SU,2501,17:50,SVO,Мадрид,31U,33,DGA_D,168
24.08.2019,A,D,SU,2379,17:40,SVO,Марсель,321,27,DGA_D,150
24.08.2019,A,D,SU,2337,18:35,SVO,Штутгарт,320,32,DGA_D,122
24.08.2019,D,D,SU,2382,17:55,GVA,Женева,32B,33,DGA_I,168
24.08.2019,D,D,SU,2528,18:00,AGP,Малага,73H,38,DGA_I,141
24.08.2019,A,D,SU,2143,18:10,SVO,Анталья,32B,25,DGA_D,177
24.08.2019,D,D,N4,2735,17:45,CXR,Камрань,772,52,DGA_I,400
24.08.2019,A,D,SU,2391,18:00,SVO,Цюрих,32B,51,DGA_D,157
24.08.2019,D,D,EO,443,17:55,SJW,Шицзячжуан,763,60,DGA_I,284
24.08.2019,A,D,SU,2055,17:30,SVO,Тиват,73H,36,DGA_D,160
24.08.2019,D,D,SU,2386,18:10,ARN,Стокгольм,320,32,DGA_I,100
24.08.2019,D,D,SU,2124,16:15,SKG,Салоники,321,12,DGA_I,140
24.08.2019,D,D,BA,234,18:10,LHR,Лондон,321,36,DGA_I,138
24.08.2019,D,D,SU,2604,18:15,MAD,Мадрид,32B,6,DGA_I,167
24.08.2019,D,D,SU,1832,18:10,MSQ,Минск,SU9,68,DGA_I,50
24.08.2019,D,D,SU,2680,18:15,RIX,Рига,320,34,DGA_I,87
24.08.2019,D,D,SU,2002,18:05,WAW,Варшава,32A,25,DGA_I,143
24.08.2019,D,D,SU,2200,18:20,HEL,Хельсинки,320,24,DGA_I,69
24.08.2019,A,D,SU,2137,18:25,SVO,Стамбул,32A,57,DGA_D,150
24.08.2019,D,D,SU,2534,18:25,OSL,Осло,SU9,71,DGA_I,85
24.08.2019,A,D,3U,609,18:25,SVO,Чэнду,333,52,DGA_D,245
24.08.2019,D,D,SU,2392,18:25,ZRH,Цюрих,320,59,DGA_I,129
24.08.2019,A,D,SU,503,18:45,SVO,Тель-Авив,77W,26,DGA_D,291
24.08.2019,A,D,MU,5009,17:00,XIY,Шанхай-Сиань,333,59,DGA_D,250
24.08.2019,D,D,SU,330,18:35,ULN,Улан-Батор,332,7A,DGA_I,163
24.08.2019,A,D,SU,2455,18:55,SVO,Париж,32B,24,DGA_D,138
24.08.2019,A,D,SU,2073,18:45,SVO,Ларнака,32B,34,DGA_D,177
24.08.2019,D,D,SU,2404,18:40,FCO,Рим,320,47,DGA_I,115
24.08.2019,D,D,SU,524,18:40,DXB,Дубай,73H,57,DGA_I,136
24.08.2019,D,D,SU,504,18:40,TLV,Тель-Авив,77W,26,DGA_I,393
24.08.2019,A,D,SU,2579,19:10,SVO,Лондон,333,31,DGA_D,255
24.08.2019,D,D,SU,2304,18:50,FRA,Франкфурт,320,69,DGA_I,132
24.08.2019,D,D,SU,2262,18:55,TLL,Таллин,SU9,81,DGA_I,74
24.08.2019,A,D,SN,2845,18:40,SVO,Брюссель,319,40,DGA_D,127
24.08.2019,D,D,SU,2338,19:00,STR,Штутгарт,32A,11,DGA_I,146
24.08.2019,A,D,SU,2419,19:10,SVO,Рим,73H,19,DGA_D,142
24.08.2019,D,D,SU,232,18:50,DEL,Дели,333,42A,DGA_I,210
24.08.2019,D,D,KE,924,18:55,ICN,Сеул,789,29A,DGA_I,250
24.08.2019,D,D,SU,274,18:50,HKT,Пхукет,333,31,DGA_I,145
24.08.2019,D,D,SU,260,19:00,NRT,Токио,77W,19A,DGA_I,371
24.08.2019,A,D,CZ,655,19:15,SVO,Гуанчжоу,332,29A,DGA_D,225
24.08.2019,D,D,CA,910,18:45,PEK,Пекин,333,53A,DGA_I,261
24.08.2019,A,D,SU,2613,19:25,SVO,Милан,73H,20,DGA_D,140
24.08.2019,A,D,SU,2503,19:35,SVO,Валенсия,73H,48,DGA_D,148
24.08.2019,D,D,SU,220,19:05,CAN,Гуанчжоу,333,74A,DGA_I,279
24.08.2019,A,D,SU,2639,17:35,SVO,Барселона,32B,21,DGA_D,178
24.08.2019,D,D,SU,270,19:10,BKK,Бангкок,333,21A,DGA_I,237
24.08.2019,D,D,AF,1745,18:45,CDG,Париж,321,40,DGA_I,189
24.08.2019,D,D,SU,2016,19:15,PRG,Прага,32B,58,DGA_I,143
24.08.2019,A,D,CZ,6001,20:10,SVO,Урумчи,73H,33,DGA_D,149
24.08.2019,D,D,SU,2512,19:20,BCN,Барселона,32B,25,DGA_I,172
24.08.2019,A,D,SU,2603,20:00,SVO,Мадрид,32B,27,DGA_D,167
24.08.2019,D,D,SU,263,19:10,LHR,Лондон,321,79,DGA_I,148
24.08.2019,A,D,LO,677,19:45,SVO,Варшава,E95,41,DGA_D,99
24.08.2019,D,D,SU,212,19:20,HKG,Гонконг,77W,48A,DGA_I,348
24.08.2019,A,D,SU,2467,20:20,SVO,Будапешт,SU9,49,DGA_D,66
24.08.2019,D,D,SU,2606,19:30,LIS,Лиссабон,73H,61,DGA_I,128
24.08.2019,D,D,SU,290,19:25,HAN,Ханой,77W,9A,DGA_I,272
24.08.2019,A,D,SU,2649,19:50,SVO,Барселона,32B,25,DGA_D,178
24.08.2019,D,D,SU,2436,19:30,DUS,Дюссельдорф,32A,14,DGA_I,157
24.08.2019,A,D,BT,422,19:55,SVO,Рига,CS3,36,DGA_D,143
24.08.2019,D,D,SU,2112,19:25,ATH,Афины,32B,51,DGA_I,102
24.08.2019,D,D,SU,2460,19:35,CDG,Париж,321,27,DGA_I,155
24.08.2019,D,D,SU,2594,19:45,MUC,Мюнхен,320,5,DGA_I,124
24.08.2019,D,D,SU,2316,19:35,SXF,Берлин,32A,10,DGA_I,121
24.08.2019,D,D,SU,2618,19:50,BRU,Брюссель,73H,36,DGA_I,145
24.08.2019,D,D,SU,2590,19:35,DUB,Дублин,320,39,DGA_I,111
24.08.2019,A,D,SU,521,20:50,SVO,Дубай,73H,37,DGA_D,139
24.08.2019,D,D,MU,592,19:05,PVG,Шанхай,333,56,DGA_I,269
24.08.2019,D,D,SU,2376,20:00,LYS,Лион,32A,45,DGA_I,151
24.08.2019,D,D,SU,2192,19:45,AMS,Амстердам,32B,55,DGA_I,183
24.08.2019,D,D,SU,122,19:40,JFK,Нью-Йорк,333,46,DGA_I,279
24.08.2019,A,D,SU,2165,20:45,SVO,Вильнюс,SU9,32,DGA_D,77
24.08.2019,D,D,SU,2422,19:45,VCE,Венеция,73H,62B,DGA_I,138
24.08.2019,D,D,SU,2496,19:50,CPH,Копенгаген,73H,64B,DGA_I,56
24.08.2019,D,D,SU,2414,19:55,MXP,Милан,32B,24,DGA_I,170
24.08.2019,A,D,SU,2407,20:15,SVO,Рим,320,28,DGA_D,126
24.08.2019,A,D,SU,2463,20:35,SVO,Париж,31U,24,DGA_D,134
24.08.2019,D,D,SU,2354,20:00,VIE,Вена,73H,35,DGA_I,120
24.08.2019,D,D,HU,7986,19:55,PEK,Пекин,333,37A,DGA_I,227
24.08.2019,A,D,AY,713,19:20,SVO,Хельсинки,E90,22,DGA_D,97
24.08.2019,D,D,SU,2428,20:05,BLQ,Болонья,73H,4D,DGA_I,151
24.08.2019,D,D,SU,208,20:05,PVG,Шанхай,77W,77,DGA_I,378
24.08.2019,D,D,B2,978,20:30,MSQ,Минск,E95,7,DGA_I,92
24.08.2019,D,D,SU,2144,20:15,AYT,Анталья,320,32,DGA_I,79
24.08.2019,D,D,SU,2092,20:15,BEG,Белград,32A,12,DGA_I,71
24.08.2019,D,D,SU,2070,20:00,LCA,Ларнака,320,72,DGA_I,97
24.08.2019,A,D,JU,654,20:45,SVO,Белград,319,40,DGA_D,142
24.08.2019,A,D,KC,875,21:00,SVO,Алматы,32A,35,DGA_D,142
24.08.2019,D,D,SN,2846,19:30,BRU,Брюссель,319,40,DGA_I,129
24.08.2019,D,D,LO,678,20:40,WAW,Варшава,E95,41,DGA_I,80
24.08.2019,D,D,3U,610,20:20,CTU,Чэнду,333,52,DGA_I,241
24.08.2019,D,D,SU,1868,20:40,EVN,Ереван,73H,20,DGA_I,137
24.08.2019,D,D,SU,1870,20:45,TAS,Ташкент,333,31,DGA_I,294
24.08.2019,D,D,SU,250,20:45,ICN,Сеул,77W,23,DGA_I,388
24.08.2019,A,D,N4,1806,21:15,SVO,Анталья,77W,52,DGA_D,489
24.08.2019,D,D,SU,1894,20:50,OSS,Ош,73H,19,DGA_I,160
24.08.2019,A,D,KC,873,21:20,SVO,Нур-Султан,321,36,DGA_D,155
24.08.2019,D,D,BT,423,20:40,RIX,Рига,CS3,36,DGA_I,74
24.08.2019,A,D,N4,204,21:10,SVO,Фергана,73H,57,DGA_D,175
24.08.2019,D,D,SU,400,20:45,CAI,Каир,32B,21,DGA_I,163
24.08.2019,D,D,MU,5010,19:10,XIY,Сиань-Шанхай,333,59,DGA_I,247
24.08.2019,A,D,SU,2015,21:25,SVO,Прага,73H,20,DGA_D,154
24.08.2019,D,D,SU,2038,20:55,OTP,Бухарест,SU9,63B,DGA_I,62
24.08.2019,D,D,SU,512,21:05,IKA,Тегеран,32A,67A,DGA_I,73
24.08.2019,A,D,SU,2327,21:40,SVO,Мюнхен,32A,25,DGA_D,154
24.08.2019,D,D,CZ,656,21:10,CAN,Гуанчжоу,332,29A,DGA_I,252
24.08.2019,D,D,SU,2134,21:15,IST,Стамбул,73H,51,DGA_I,58
24.08.2019,D,D,SU,1946,21:00,ALA,Алматы,32B,25,DGA_I,159
24.08.2019,D,D,SU,2108,21:15,VNO,Вильнюс,320,60,DGA_I,83
24.08.2019,A,D,SU,2315,21:45,SVO,Берлин,32A,21,DGA_D,149
24.08.2019,D,D,AY,714,20:30,HEL,Хельсинки,E90,22,DGA_I,83
24.08.2019,D,D,CZ,6002,21:35,URC,Урумчи,73H,33,DGA_I,157
24.08.2019,D,D,SU,1950,21:40,CIT,Шымкент,32A,47,DGA_I,122
24.08.2019,A,D,SU,2117,22:05,SVO,Афины,320,46,DGA_D,136
24.08.2019,D,D,SU,204,21:20,PEK,Пекин,77W,26,DGA_I,395
24.08.2019,A,D,SU,2621,21:55,SVO,Малага,73H,31,DGA_D,159
24.08.2019,A,D,RL,7526,22:00,SVO,Аланья,75W,58,DGA_D,224
24.08.2019,D,D,SU,1882,21:45,FRU,Бишкек,32B,27,DGA_I,146
24.08.2019,D,D,SU,1834,22:00,MSQ,Минск,SU9,49,DGA_I,61
24.08.2019,D,D,JU,655,21:35,BEG,Белград,319,40,DGA_I,90
24.08.2019,D,D,SU,320,21:55,MLE,Мале,333,50,DGA_I,180
24.08.2019,A,D,SU,2523,22:05,SVO,Аликанте,32B,33,DGA_D,175
24.08.2019,D,D,KC,876,22:05,ALA,Алматы,32A,35,DGA_I,93
24.08.2019,A,D,RL,7516,21:55,SVO,Керкира(Корфу),73H,55,DGA_D,188
24.08.2019,A,D,N4,378,22:25,SVO,Ереван,332,59,DGA_D,262
24.08.2019,A,D,N4,1804,22:30,SVO,Анталья,77W,50,DGA_D,492
24.08.2019,D,D,SU,1936,22:25,KGF,Караганда,31U,24,DGA_I,152
24.08.2019,A,D,SU,2695,22:40,SVO,Амстердам,31U,36,DGA_D,136
24.08.2019,D,D,KC,874,22:20,TSE,Нур-Султан,321,36,DGA_I,92
24.08.2019,A,D,SU,2201,22:45,SVO,Хельсинки,320,24,DGA_D,128
24.08.2019,A,D,SU,2657,23:10,SVO,Франкфурт,73H,30,DGA_D,150
24.08.2019,D,D,SU,1844,22:45,KIV,Кишинёв,321,19,DGA_I,153
24.08.2019,A,D,RL,7546,22:50,SVO,Аланья,73H,54,DGA_D,189
24.08.2019,A,D,SU,2361,22:40,SVO,Ницца,321,38,DGA_D,172
24.08.2019,A,D,SU,2349,22:45,SVO,Гамбург,320,27,DGA_D,129
24.08.2019,A,D,SU,2629,22:50,SVO,Брюссель,73H,37,DGA_D,105
24.08.2019,D,D,SU,2118,22:55,RIX,Рига,SU9,32,DGA_I,29
24.08.2019,A,D,SU,2583,23:10,SVO,Лондон,73H,26,DGA_D,153
24.08.2019,D,D,SU,530,22:55,BEY,Бейрут,320,39,DGA_I,64
24.08.2019,A,D,SU,509,23:05,SVO,Тель-Авив,320,22,DGA_D,113
24.08.2019,D,D,SU,1876,22:40,BHK,Бухара,32A,25,DGA_I,153
24.08.2019,A,D,SU,1863,23:20,SVO,Ереван,32B,23,DGA_D,186
24.08.2019,A,D,SU,2387,23:30,SVO,Стокгольм,320,32,DGA_D,95
24.08.2019,A,D,SU,2025,23:25,SVO,Прага,32A,20,DGA_D,154
24.08.2019,A,D,SU,2409,23:05,SVO,Рим,320,19,DGA_D,127
24.08.2019,A,D,SU,2353,23:25,SVO,Вена,32A,35,DGA_D,154
24.08.2019,A,D,N4,1724,23:30,SVO,Монастир,772,52,DGA_D,444
24.08.2019,A,D,ZF,9008,23:40,SVO,Анталья,77W,48A,DGA_D,535
24.08.2019,D,D,SU,1866,23:40,EVN,Ереван,32B,34,DGA_I,109
24.08.2019,A,D,SU,2049,23:55,SVO,Сплит,32B,31,DGA_D,181
24.08.2019,D,D,SU,1852,23:50,GYD,Баку,73H,31,DGA_I,89
24.08.2019,D,D,N4,171,23:55,KSQ,Карши,73H,51,DGA_I,181
24.08.2019,A,D,RL,7706,23:50,SVO,Анталья,763,56,DGA_D,331
24.08.2019,D,D,SU,1956,23:50,TSE,Нур-Султан,32B,33,DGA_I,179
24.08.2019,A,D,RL,7506,23:10,SVO,Энфида,77W,53A,DGA_D,491
24.08.2019,A,D,N4,4408,23:35,SVO,Пальма-де-Майорка,321,57,DGA_D,220
